37600500014,85,86
37600500502,2216,2221
37600501150,2907,2934
37600501202,1395,1434
37600502500,194,194
37600504004,1505,1518
37600505500,244,247
37600505600,952,960
37600505800,608,611
37600506009,852,853
37600510620,166,178
37600510650,237,238
37600512001,312,315
37600514250,2994,3006
37600516401,1263,226
37600516502,2303,2307
37600517700,321,350
37600518000,506,507
37600518500,351,369
37600519010,1442,1478
37600521502,1150,1154
37200521502,1150,1154
37600524300,54,55
37600525000,65,66
37600525251,69,72
37600525302,989,994
37600525800,1757,1786
37600526301,1013,1019
37600527005,367,367
37600527504,197,198
37600528505,85,86
37600529002,452,461
37600531007,139,143
37600532000,329,335
37600533011,227,233
37600534250,667,670
37600535006,2217,2229
37600538005,723,733
37600538251,302,308
37600538600,183,194
37600539140,114,117
37600539145,1629,1633
37600539203,884,887
37600539300,258,262
37600539340,1404,1417
37600539350,433,442
37600539360,300,305
37600539370,572,580
37600539380,248,248
37600539602,1273,1290
37600540007,201,203
37600541100,1440,1459
37600541756,186,190
37600542008,498,514
37600543001,302,307
37600543101,1125,1145
37600547500,852,880
